Team,Player Name,Player Link
Chicago White Sox,Justin Anderson,https://www.espn.com/mlb/player/_/id/37611
Chicago White Sox,Tanner Banks,https://www.espn.com/mlb/player/_/id/40437
Chicago White Sox,John Brebbia,https://www.espn.com/mlb/player/_/id/39085
Chicago White Sox,Jonathan Cannon,https://www.espn.com/mlb/player/_/id/4620398
Chicago White Sox,Garrett Crochet,https://www.espn.com/mlb/player/_/id/4297835
Chicago White Sox,Erick Fedde,https://www.espn.com/mlb/player/_/id/33793
Chicago White Sox,Chris Flexen,https://www.espn.com/mlb/player/_/id/36067
Chicago White Sox,Michael Kopech,https://www.espn.com/mlb/player/_/id/33763
Chicago White Sox,Chad Kuhl,https://www.espn.com/mlb/player/_/id/35021
Chicago White Sox,Sammy Peralta,https://www.espn.com/mlb/player/_/id/4991148
Chicago White Sox,Jared Shuster,https://www.espn.com/mlb/player/_/id/4623366
Chicago White Sox,Drew Thorpe,https://www.espn.com/mlb/player/_/id/4629086
Chicago White Sox,Steven Wilson,https://www.espn.com/mlb/player/_/id/41828
Chicago White Sox,Korey Lee,https://www.espn.com/mlb/player/_/id/4418346
Chicago White Sox,Chuckie Robinson,https://www.espn.com/mlb/player/_/id/40354
Chicago White Sox,Brooks Baldwin,https://www.espn.com/mlb/player/_/id/4424742
Kansas City Royals,Paul DeJong,https://www.espn.com/mlb/player/_/id/35185
Chicago White Sox,Nicky Lopez,https://www.espn.com/mlb/player/_/id/38106
Chicago White Sox,Nick Senzel,https://www.espn.com/mlb/player/_/id/36180
Chicago White Sox,Andrew Vaughn,https://www.espn.com/mlb/player/_/id/42394
Chicago White Sox,Andrew Benintendi,https://www.espn.com/mlb/player/_/id/34986
Chicago White Sox,Corey Julks,https://www.espn.com/mlb/player/_/id/41526
Kansas City Royals,Tommy Pham,https://www.espn.com/mlb/player/_/id/31208
Chicago White Sox,Luis Robert Jr,https://www.espn.com/mlb/player/_/id/39631
Chicago White Sox,Gavin Sheets,https://www.espn.com/mlb/player/_/id/40700
Baltimore Orioles,Eloy Jimenez,https://www.espn.com/mlb/player/_/id/33867
Cleveland Guardians,Pedro Avila,https://www.espn.com/mlb/player/_/id/39740
Cleveland Guardians,Scott Barlow,https://www.espn.com/mlb/player/_/id/32156
Cleveland Guardians,Tanner Bibee,https://www.espn.com/mlb/player/_/id/4345278
Cleveland Guardians,Carlos Carrasco,https://www.espn.com/mlb/player/_/id/28968
Cleveland Guardians,Emmanuel Clase,https://www.espn.com/mlb/player/_/id/41743
Cleveland Guardians,Xzavion Curry,https://www.espn.com/mlb/player/_/id/4204524
Cleveland Guardians,Hunter Gaddis,https://www.espn.com/mlb/player/_/id/4187661
Cleveland Guardians,Tim Herrin,https://www.espn.com/mlb/player/_/id/4228579
Cleveland Guardians,Ben Lively,https://www.espn.com/mlb/player/_/id/33194
Cleveland Guardians,Nick Sandlin,https://www.espn.com/mlb/player/_/id/41385
Cleveland Guardians,Cade Smith,https://www.espn.com/mlb/player/_/id/4987924
Cleveland Guardians,Peter Strzelecki,https://www.espn.com/mlb/player/_/id/4012625
Cleveland Guardians,Gavin Williams,https://www.espn.com/mlb/player/_/id/4345076
Cleveland Guardians,David Fry,https://www.espn.com/mlb/player/_/id/41672
Cleveland Guardians,Austin Hedges,https://www.espn.com/mlb/player/_/id/32168
Cleveland Guardians,Bo Naylor,https://www.espn.com/mlb/player/_/id/41183
Cleveland Guardians,Andres Gimenez,https://www.espn.com/mlb/player/_/id/37729
Cleveland Guardians,Angel Martinez,https://www.espn.com/mlb/player/_/id/42497
Cleveland Guardians,Josh Naylor,https://www.espn.com/mlb/player/_/id/35066
Cleveland Guardians,Jose Ramirez,https://www.espn.com/mlb/player/_/id/32801
Cleveland Guardians,Brayan Rocchio,https://www.espn.com/mlb/player/_/id/41217
Cleveland Guardians,Will Brennan,https://www.espn.com/mlb/player/_/id/4088296
Cleveland Guardians,Tyler Freeman,https://www.espn.com/mlb/player/_/id/40958
Cleveland Guardians,Steven Kwan,https://www.espn.com/mlb/player/_/id/41996
Cleveland Guardians,Jhonkensy Noel,https://www.espn.com/mlb/player/_/id/42548
Cleveland Guardians,Daniel Schneemann,https://www.espn.com/mlb/player/_/id/42001
Detroit Tigers,Beau Brieske,https://www.espn.com/mlb/player/_/id/4917779
Detroit Tigers,Andrew Chafin,https://www.espn.com/mlb/player/_/id/32810
Detroit Tigers,Alex Faedo,https://www.espn.com/mlb/player/_/id/39901
Detroit Tigers,Jack Flaherty,https://www.espn.com/mlb/player/_/id/33837
Detroit Tigers,Jason Foley,https://www.espn.com/mlb/player/_/id/42698
Detroit Tigers,Tyler Holton,https://www.espn.com/mlb/player/_/id/3983833
Detroit Tigers,Easton Lucas,https://www.espn.com/mlb/player/_/id/4993411
Detroit Tigers,Kenta Maeda,https://www.espn.com/mlb/player/_/id/34892
Detroit Tigers,Shelby Miller,https://www.espn.com/mlb/player/_/id/30738
Detroit Tigers,Keider Montero,https://www.espn.com/mlb/player/_/id/5182933
Detroit Tigers,Tarik Skubal,https://www.espn.com/mlb/player/_/id/42409
Detroit Tigers,Will Vest,https://www.espn.com/mlb/player/_/id/41606
Detroit Tigers,Joey Wentz,https://www.espn.com/mlb/player/_/id/40927
Texas Rangers,Carson Kelly,https://www.espn.com/mlb/player/_/id/32797
Detroit Tigers,Jake Rogers,https://www.espn.com/mlb/player/_/id/39900
Detroit Tigers,Javier Baez,https://www.espn.com/mlb/player/_/id/32127
San Francisco Giants,Mark Canha,https://www.espn.com/mlb/player/_/id/31670
Detroit Tigers,Andy Ibanez,https://www.espn.com/mlb/player/_/id/34947
Detroit Tigers,Colt Keith,https://www.espn.com/mlb/player/_/id/4683384
Detroit Tigers,Zach McKinstry,https://www.espn.com/mlb/player/_/id/38420
Atlanta Braves,Gio Urshela,https://www.espn.com/mlb/player/_/id/32721
Detroit Tigers,Matt Vierling,https://www.espn.com/mlb/player/_/id/41636
Detroit Tigers,Riley Greene,https://www.espn.com/mlb/player/_/id/42179
Detroit Tigers,Bligh Madris,https://www.espn.com/mlb/player/_/id/40684
Detroit Tigers,Justyn-Henry Malloy,https://www.espn.com/mlb/player/_/id/4718623
Detroit Tigers,Wenceel Perez,https://www.espn.com/mlb/player/_/id/41586
Kansas City Royals,Kris Bubic,https://www.espn.com/mlb/player/_/id/41201
Kansas City Royals,Hunter Harvey,https://www.espn.com/mlb/player/_/id/33191
Kansas City Royals,Sam Long,https://www.espn.com/mlb/player/_/id/42262
Kansas City Royals,Seth Lugo,https://www.espn.com/mlb/player/_/id/34873
Kansas City Royals,Alec Marsh,https://www.espn.com/mlb/player/_/id/4424276
Kansas City Royals,James McArthur,https://www.espn.com/mlb/player/_/id/3960883
Kansas City Royals,Cole Ragans,https://www.espn.com/mlb/player/_/id/41054
Kansas City Royals,John Schreiber,https://www.espn.com/mlb/player/_/id/39949
Kansas City Royals,Brady Singer,https://www.espn.com/mlb/player/_/id/41172
Kansas City Royals,Chris Stratton,https://www.espn.com/mlb/player/_/id/32787
Kansas City Royals,Michael Wacha,https://www.espn.com/mlb/player/_/id/32640
Kansas City Royals,Angel Zerpa,https://www.espn.com/mlb/player/_/id/4705673
Kansas City Royals,Freddy Fermin,https://www.espn.com/mlb/player/_/id/41928
Kansas City Royals,Salvador Perez,https://www.espn.com/mlb/player/_/id/31127
Kansas City Royals,Adam Frazier,https://www.espn.com/mlb/player/_/id/33546
Kansas City Royals,Maikel Garcia,https://www.espn.com/mlb/player/_/id/4905884
Kansas City Royals,Nick Loftin,https://www.espn.com/mlb/player/_/id/4314013
Kansas City Royals,Michael Massey,https://www.espn.com/mlb/player/_/id/4109223
Kansas City Royals,Vinnie Pasquantino,https://www.espn.com/mlb/player/_/id/4109109
Kansas City Royals,Bobby Witt Jr,https://www.espn.com/mlb/player/_/id/42403
Kansas City Royals,Dairon Blanco,https://www.espn.com/mlb/player/_/id/42228
Kansas City Royals,Garrett Hampson,https://www.espn.com/mlb/player/_/id/39899
Kansas City Royals,Kyle Isbel,https://www.espn.com/mlb/player/_/id/41263
Kansas City Royals,Hunter Renfroe,https://www.espn.com/mlb/player/_/id/33205
Kansas City Royals,Drew Waters,https://www.espn.com/mlb/player/_/id/41076
Minnesota Twins,Jorge Alcala,https://www.espn.com/mlb/player/_/id/41031
Minnesota Twins,Jhoan Duran,https://www.espn.com/mlb/player/_/id/41109
Minnesota Twins,Ronny Henriquez,https://www.espn.com/mlb/player/_/id/4905923
Minnesota Twins,Griffin Jax,https://www.espn.com/mlb/player/_/id/42604
Minnesota Twins,Pablo Lopez,https://www.espn.com/mlb/player/_/id/39671
Minnesota Twins,Bailey Ober,https://www.espn.com/mlb/player/_/id/3107919
Minnesota Twins,Steven Okert,https://www.espn.com/mlb/player/_/id/33716
Minnesota Twins,Joe Ryan,https://www.espn.com/mlb/player/_/id/42450
Minnesota Twins,Cole Sands,https://www.espn.com/mlb/player/_/id/3983841
Minnesota Twins,Josh Staumont,https://www.espn.com/mlb/player/_/id/36175
Minnesota Twins,Caleb Thielbar,https://www.espn.com/mlb/player/_/id/32440
Minnesota Twins,Simeon Woods Richardson,https://www.espn.com/mlb/player/_/id/41383
Minnesota Twins,Jair Camargo,https://www.espn.com/mlb/player/_/id/42551
Minnesota Twins,Ryan Jeffers,https://www.espn.com/mlb/player/_/id/41587
Minnesota Twins,Christian Vazquez,https://www.espn.com/mlb/player/_/id/31389
Minnesota Twins,Diego Castillo,https://www.espn.com/mlb/player/_/id/40494
Minnesota Twins,Willi Castro,https://www.espn.com/mlb/player/_/id/34230
Minnesota Twins,Edouard Julien,https://www.espn.com/mlb/player/_/id/3985190
Minnesota Twins,Brooks Lee,https://www.espn.com/mlb/player/_/id/4629081
Minnesota Twins,Carlos Santana,https://www.espn.com/mlb/player/_/id/30280
Minnesota Twins,Byron Buxton,https://www.espn.com/mlb/player/_/id/32655
Minnesota Twins,Max Kepler,https://www.espn.com/mlb/player/_/id/31870
Minnesota Twins,Trevor Larnach,https://www.espn.com/mlb/player/_/id/41205
Minnesota Twins,Manuel Margot,https://www.espn.com/mlb/player/_/id/33599
Minnesota Twins,Austin Martin,https://www.espn.com/mlb/player/_/id/4297998
Minnesota Twins,Matt Wallner,https://www.espn.com/mlb/player/_/id/42427
Baltimore Orioles,Keegan Akin,https://www.espn.com/mlb/player/_/id/36724
Baltimore Orioles,Bryan Baker,https://www.espn.com/mlb/player/_/id/40884
Baltimore Orioles,Corbin Burnes,https://www.espn.com/mlb/player/_/id/39878
Baltimore Orioles,Yennier Cano,https://www.espn.com/mlb/player/_/id/35536
Baltimore Orioles,Cole Irvin,https://www.espn.com/mlb/player/_/id/39869
Baltimore Orioles,Craig Kimbrel,https://www.espn.com/mlb/player/_/id/30653
Baltimore Orioles,Dean Kremer,https://www.espn.com/mlb/player/_/id/38295
Baltimore Orioles,Vinny Nittoli,https://www.espn.com/mlb/player/_/id/38291
Baltimore Orioles,Cionel Perez,https://www.espn.com/mlb/player/_/id/36089
Baltimore Orioles,Grayson Rodriguez,https://www.espn.com/mlb/player/_/id/41196
Baltimore Orioles,Burch Smith,https://www.espn.com/mlb/player/_/id/33083
Baltimore Orioles,Albert Suarez,https://www.espn.com/mlb/player/_/id/31109
Baltimore Orioles,Jacob Webb,https://www.espn.com/mlb/player/_/id/40384
Baltimore Orioles,James McCann,https://www.espn.com/mlb/player/_/id/32046
Baltimore Orioles,Adley Rutschman,https://www.espn.com/mlb/player/_/id/42178
Baltimore Orioles,Gunnar Henderson,https://www.espn.com/mlb/player/_/id/42507
Baltimore Orioles,Jorge Mateo,https://www.espn.com/mlb/player/_/id/33832
Baltimore Orioles,Ryan Mountcastle,https://www.espn.com/mlb/player/_/id/34940
Baltimore Orioles,Ryan O'Hearn,https://www.espn.com/mlb/player/_/id/35183
Baltimore Orioles,Ramon Urias,https://www.espn.com/mlb/player/_/id/40610
Baltimore Orioles,Jordan Westburg,https://www.espn.com/mlb/player/_/id/4298641
Baltimore Orioles,Colton Cowser,https://www.espn.com/mlb/player/_/id/4416990
Philadelphia Phillies,Austin Hays,https://www.espn.com/mlb/player/_/id/36928
Baltimore Orioles,Heston Kjerstad,https://www.espn.com/mlb/player/_/id/4297758
Baltimore Orioles,Cedric Mullins,https://www.espn.com/mlb/player/_/id/35578
Baltimore Orioles,Anthony Santander,https://www.espn.com/mlb/player/_/id/36084
Boston Red Sox,Chase Anderson,https://www.espn.com/mlb/player/_/id/32690
Boston Red Sox,Brayan Bello,https://www.espn.com/mlb/player/_/id/4720856
Boston Red Sox,Brennan Bernardino,https://www.espn.com/mlb/player/_/id/35876
Boston Red Sox,Cam Booser,https://www.espn.com/mlb/player/_/id/2560565
Boston Red Sox,Kutter Crawford,https://www.espn.com/mlb/player/_/id/41277
Boston Red Sox,Cooper Criswell,https://www.espn.com/mlb/player/_/id/4326801
Boston Red Sox,Bailey Horn,https://www.espn.com/mlb/player/_/id/4414247
Boston Red Sox,Tanner Houck,https://www.espn.com/mlb/player/_/id/41009
Boston Red Sox,Kenley Jansen,https://www.espn.com/mlb/player/_/id/29630
Boston Red Sox,Zack Kelly,https://www.espn.com/mlb/player/_/id/41569
Boston Red Sox,Nick Pivetta,https://www.espn.com/mlb/player/_/id/36071
Boston Red Sox,Greg Weissert,https://www.espn.com/mlb/player/_/id/41485
Boston Red Sox,Josh Winckowski,https://www.espn.com/mlb/player/_/id/4713488
Boston Red Sox,Reese McGuire,https://www.espn.com/mlb/player/_/id/33250
Boston Red Sox,Connor Wong,https://www.espn.com/mlb/player/_/id/40086
Boston Red Sox,Rafael Devers,https://www.espn.com/mlb/player/_/id/33859
Boston Red Sox,Romy Gonzalez,https://www.espn.com/mlb/player/_/id/42826
Boston Red Sox,David Hamilton,https://www.espn.com/mlb/player/_/id/42987
Cincinnati Reds,Dominic Smith,https://www.espn.com/mlb/player/_/id/33218
Boston Red Sox,Jamie Westbrook,https://www.espn.com/mlb/player/_/id/35143
Boston Red Sox,Wilyer Abreu,https://www.espn.com/mlb/player/_/id/4990055
Boston Red Sox,Jarren Duran,https://www.espn.com/mlb/player/_/id/41610
Boston Red Sox,Tyler O'Neill,https://www.espn.com/mlb/player/_/id/34168
Boston Red Sox,Ceddanne Rafaela,https://www.espn.com/mlb/player/_/id/4987382
Boston Red Sox,Rob Refsnyder,https://www.espn.com/mlb/player/_/id/33411
Boston Red Sox,Masataka Yoshida,https://www.espn.com/mlb/player/_/id/4872598
New York Yankees,Gerrit Cole,https://www.espn.com/mlb/player/_/id/32081
New York Yankees,Nestor Cortes,https://www.espn.com/mlb/player/_/id/36480
New York Yankees,Jake Cousins,https://www.espn.com/mlb/player/_/id/42964
New York Yankees,Caleb Ferguson,https://www.espn.com/mlb/player/_/id/41017
New York Yankees,Luis Gil,https://www.espn.com/mlb/player/_/id/40626
New York Yankees,Yoendrys Gomez,https://www.espn.com/mlb/player/_/id/42898
New York Yankees,Tim Hill,https://www.espn.com/mlb/player/_/id/37005
New York Yankees,Clay Holmes,https://www.espn.com/mlb/player/_/id/32827
New York Yankees,Tommy Kahnle,https://www.espn.com/mlb/player/_/id/31867
New York Yankees,Carlos Rodon,https://www.espn.com/mlb/player/_/id/33696
New York Yankees,Marcus Stroman,https://www.espn.com/mlb/player/_/id/32815
New York Yankees,Michael Tonkin,https://www.espn.com/mlb/player/_/id/32594
New York Yankees,Luke Weaver,https://www.espn.com/mlb/player/_/id/33770
New York Yankees,Carlos Narvaez,https://www.espn.com/mlb/player/_/id/5012120
New York Yankees,Austin Wells,https://www.espn.com/mlb/player/_/id/4683349
New York Yankees,Oswaldo Cabrera,https://www.espn.com/mlb/player/_/id/40835
New York Yankees,JD Davis,https://www.espn.com/mlb/player/_/id/33796
New York Yankees,DJ LeMahieu,https://www.espn.com/mlb/player/_/id/30765
New York Yankees,Ben Rice,https://www.espn.com/mlb/player/_/id/5016968
New York Yankees,Gleyber Torres,https://www.espn.com/mlb/player/_/id/33804
New York Yankees,Anthony Volpe,https://www.espn.com/mlb/player/_/id/42547
New York Yankees,Trent Grisham,https://www.espn.com/mlb/player/_/id/34995
New York Yankees,Jahmai Jones,https://www.espn.com/mlb/player/_/id/34958
New York Yankees,Aaron Judge,https://www.espn.com/mlb/player/_/id/33192
New York Yankees,Juan Soto,https://www.espn.com/mlb/player/_/id/36969
New York Yankees,Alex Verdugo,https://www.espn.com/mlb/player/_/id/33786
Tampa Bay Rays,Jason Adam,https://www.espn.com/mlb/player/_/id/32145
Tampa Bay Rays,Shawn Armstrong,https://www.espn.com/mlb/player/_/id/33499
Tampa Bay Rays,Shane Baz,https://www.espn.com/mlb/player/_/id/39639
Tampa Bay Rays,Taj Bradley,https://www.espn.com/mlb/player/_/id/42480
Tampa Bay Rays,Garrett Cleavinger,https://www.espn.com/mlb/player/_/id/36429
Baltimore Orioles,Zach Eflin,https://www.espn.com/mlb/player/_/id/32804
Tampa Bay Rays,Pete Fairbanks,https://www.espn.com/mlb/player/_/id/42180
Tampa Bay Rays,Kevin Kelly,https://www.espn.com/mlb/player/_/id/5001153
Tampa Bay Rays,Zack Littell,https://www.espn.com/mlb/player/_/id/36052
Tampa Bay Rays,Colin Poche,https://www.espn.com/mlb/player/_/id/40364
Tampa Bay Rays,Manuel Rodriguez,https://www.espn.com/mlb/player/_/id/42363
Tampa Bay Rays,Edwin Uceta,https://www.espn.com/mlb/player/_/id/41308
Tampa Bay Rays,Tyler Zuber,https://www.espn.com/mlb/player/_/id/42596
Tampa Bay Rays,Alex Jackson,https://www.espn.com/mlb/player/_/id/33707
Tampa Bay Rays,Ben Rortvedt,https://www.espn.com/mlb/player/_/id/40869
Tampa Bay Rays,Jose Caballero,https://www.espn.com/mlb/player/_/id/42135
Tampa Bay Rays,Yandy Diaz,https://www.espn.com/mlb/player/_/id/33481
Tampa Bay Rays,Brandon Lowe,https://www.espn.com/mlb/player/_/id/39961
Tampa Bay Rays,Curtis Mead,https://www.espn.com/mlb/player/_/id/42360
Chicago Cubs,Isaac Paredes,https://www.espn.com/mlb/player/_/id/39706
Tampa Bay Rays,Taylor Walls,https://www.espn.com/mlb/player/_/id/40576
Seattle Mariners,Randy Arozarena,https://www.espn.com/mlb/player/_/id/36488
Tampa Bay Rays,Jonny DeLuca,https://www.espn.com/mlb/player/_/id/5005912
Tampa Bay Rays,Josh Lowe,https://www.espn.com/mlb/player/_/id/40557
Tampa Bay Rays,Richie Palacios,https://www.espn.com/mlb/player/_/id/41359
Cincinnati Reds,Amed Rosario,https://www.espn.com/mlb/player/_/id/33215
Tampa Bay Rays,Jose Siri,https://www.espn.com/mlb/player/_/id/33954
Toronto Blue Jays,Chris Bassitt,https://www.espn.com/mlb/player/_/id/33148
Toronto Blue Jays,Jose Berrios,https://www.espn.com/mlb/player/_/id/32811
Toronto Blue Jays,Ryan Burr,https://www.espn.com/mlb/player/_/id/39738
Toronto Blue Jays,Genesis Cabrera,https://www.espn.com/mlb/player/_/id/41061
Toronto Blue Jays,Yimi Garcia,https://www.espn.com/mlb/player/_/id/32888
Toronto Blue Jays,Kevin Gausman,https://www.espn.com/mlb/player/_/id/32667
Toronto Blue Jays,Chad Green,https://www.espn.com/mlb/player/_/id/33325
Toronto Blue Jays,Yusei Kikuchi,https://www.espn.com/mlb/player/_/id/41415
Toronto Blue Jays,Brendon Little,https://www.espn.com/mlb/player/_/id/39645
Toronto Blue Jays,Nate Pearson,https://www.espn.com/mlb/player/_/id/39646
Toronto Blue Jays,Trevor Richards,https://www.espn.com/mlb/player/_/id/39912
Toronto Blue Jays,Yariel Rodriguez,https://www.espn.com/mlb/player/_/id/4411979
Toronto Blue Jays,Erik Swanson,https://www.espn.com/mlb/player/_/id/36013
Boston Red Sox,Danny Jansen,https://www.espn.com/mlb/player/_/id/35004
Toronto Blue Jays,Alejandro Kirk,https://www.espn.com/mlb/player/_/id/42081
Toronto Blue Jays,Ernie Clement,https://www.espn.com/mlb/player/_/id/41287
Toronto Blue Jays,Vladimir Guerrero Jr,https://www.espn.com/mlb/player/_/id/35002
Toronto Blue Jays,Spencer Horwitz,https://www.espn.com/mlb/player/_/id/4228472
Toronto Blue Jays,Leo Jimenez,https://www.espn.com/mlb/player/_/id/41397
Seattle Mariners,Justin Turner,https://www.espn.com/mlb/player/_/id/29607
Toronto Blue Jays,Addison Barger,https://www.espn.com/mlb/player/_/id/4997589
Toronto Blue Jays,Steward Berroa,https://www.espn.com/mlb/player/_/id/4993423
Los Angeles Dodgers,Kevin Kiermaier,https://www.espn.com/mlb/player/_/id/31446
Toronto Blue Jays,Davis Schneider,https://www.espn.com/mlb/player/_/id/4997181
Toronto Blue Jays,George Springer,https://www.espn.com/mlb/player/_/id/32078
Toronto Blue Jays,Daulton Varsho,https://www.espn.com/mlb/player/_/id/40963
Houston Astros,Bryan Abreu,https://www.espn.com/mlb/player/_/id/41208
Houston Astros,Spencer Arrighetti,https://www.espn.com/mlb/player/_/id/4726080
Houston Astros,Ronel Blanco,https://www.espn.com/mlb/player/_/id/41829
Houston Astros,Jake Bloss,https://www.espn.com/mlb/player/_/id/5137945
Houston Astros,Hunter Brown,https://www.espn.com/mlb/player/_/id/4717803
Houston Astros,Shawn Dubin,https://www.espn.com/mlb/player/_/id/42540
Houston Astros,Josh Hader,https://www.espn.com/mlb/player/_/id/32760
Houston Astros,Bryan King,https://www.espn.com/mlb/player/_/id/5201821
Houston Astros,Seth Martinez,https://www.espn.com/mlb/player/_/id/42742
Houston Astros,Rafael Montero,https://www.espn.com/mlb/player/_/id/32631
Houston Astros,Ryan Pressly,https://www.espn.com/mlb/player/_/id/33072
Houston Astros,Tayler Scott,https://www.espn.com/mlb/player/_/id/39711
Houston Astros,Framber Valdez,https://www.espn.com/mlb/player/_/id/36581
Houston Astros,Victor Caratini,https://www.espn.com/mlb/player/_/id/33229
Houston Astros,Yainer Diaz,https://www.espn.com/mlb/player/_/id/4781491
Houston Astros,Jose Altuve,https://www.espn.com/mlb/player/_/id/31662
Houston Astros,Alex Bregman,https://www.espn.com/mlb/player/_/id/34886
Houston Astros,Aledmys Diaz,https://www.espn.com/mlb/player/_/id/33390
Houston Astros,Jeremy Pena,https://www.espn.com/mlb/player/_/id/41273
Houston Astros,Jon Singleton,https://www.espn.com/mlb/player/_/id/31206
Houston Astros,Yordan Alvarez,https://www.espn.com/mlb/player/_/id/36018
Houston Astros,Trey Cabbage,https://www.espn.com/mlb/player/_/id/41781
Houston Astros,Mauricio Dubon,https://www.espn.com/mlb/player/_/id/35304
Toronto Blue Jays,Joey Loperfido,https://www.espn.com/mlb/player/_/id/4297976
Houston Astros,Chas McCormick,https://www.espn.com/mlb/player/_/id/40574
Houston Astros,Jake Meyers,https://www.espn.com/mlb/player/_/id/40719
Los Angeles Angels,Tyler Anderson,https://www.espn.com/mlb/player/_/id/32151
Los Angeles Angels,Griffin Canning,https://www.espn.com/mlb/player/_/id/41065
Los Angeles Angels,Roansy Contreras,https://www.espn.com/mlb/player/_/id/40967
Los Angeles Angels,Hans Crouse,https://www.espn.com/mlb/player/_/id/41032
Los Angeles Angels,Carlos Estevez,https://www.espn.com/mlb/player/_/id/34861
Los Angeles Angels,Carson Fulmer,https://www.espn.com/mlb/player/_/id/34913
Los Angeles Angels,Luis Garcia,https://www.espn.com/mlb/player/_/id/33089
Los Angeles Angels,Ben Joyce,https://www.espn.com/mlb/player/_/id/4867388
Los Angeles Angels,Matt Moore,https://www.espn.com/mlb/player/_/id/31099
Los Angeles Angels,Jose Quijada,https://www.espn.com/mlb/player/_/id/39142
Los Angeles Angels,Kenny Rosenberg,https://www.espn.com/mlb/player/_/id/41807
Los Angeles Angels,Jose Soriano,https://www.espn.com/mlb/player/_/id/40973
Los Angeles Angels,Hunter Strickland,https://www.espn.com/mlb/player/_/id/32589
Los Angeles Angels,Logan O'Hoppe,https://www.espn.com/mlb/player/_/id/42047
Los Angeles Angels,Matt Thaiss,https://www.espn.com/mlb/player/_/id/36176
Los Angeles Angels,Willie Calhoun,https://www.espn.com/mlb/player/_/id/35238
Los Angeles Angels,Brandon Drury,https://www.espn.com/mlb/player/_/id/32269
Los Angeles Angels,Luis Guillorme,https://www.espn.com/mlb/player/_/id/35149
Los Angeles Angels,Keston Hiura,https://www.espn.com/mlb/player/_/id/39879
Los Angeles Angels,Zach Neto,https://www.espn.com/mlb/player/_/id/4666100
Los Angeles Angels,Anthony Rendon,https://www.espn.com/mlb/player/_/id/32098
Los Angeles Angels,Nolan Schanuel,https://www.espn.com/mlb/player/_/id/4739755
Los Angeles Angels,Jo Adell,https://www.espn.com/mlb/player/_/id/40854
Los Angeles Angels,Mickey Moniak,https://www.espn.com/mlb/player/_/id/36181
Los Angeles Angels,Kevin Pillar,https://www.espn.com/mlb/player/_/id/32859
Los Angeles Angels,Taylor Ward,https://www.espn.com/mlb/player/_/id/34923
Oakland Athletics,Austin Adams,https://www.espn.com/mlb/player/_/id/36046
Oakland Athletics,Scott Alexander,https://www.espn.com/mlb/player/_/id/33123
Oakland Athletics,Osvaldo Bido,https://www.espn.com/mlb/player/_/id/5132624
Oakland Athletics,Lucas Erceg,https://www.espn.com/mlb/player/_/id/36618
Oakland Athletics,Joey Estes,https://www.espn.com/mlb/player/_/id/4917636
Oakland Athletics,Tyler Ferguson,https://www.espn.com/mlb/player/_/id/41612
Oakland Athletics,Hogan Harris,https://www.espn.com/mlb/player/_/id/41364
Oakland Athletics,TJ McFarland,https://www.espn.com/mlb/player/_/id/32680
Oakland Athletics,Mason Miller,https://www.espn.com/mlb/player/_/id/4730225
Oakland Athletics,Kyle Muller,https://www.espn.com/mlb/player/_/id/41041
Oakland Athletics,Michel Otanez,https://www.espn.com/mlb/player/_/id/4917842
Oakland Athletics,JP Sears,https://www.espn.com/mlb/player/_/id/39818
Oakland Athletics,Mitch Spence,https://www.espn.com/mlb/player/_/id/4987645
Oakland Athletics,Shea Langeliers,https://www.espn.com/mlb/player/_/id/42598
Oakland Athletics,Kyle McCann,https://www.espn.com/mlb/player/_/id/42901
Oakland Athletics,Zack Gelof,https://www.espn.com/mlb/player/_/id/4414531
Oakland Athletics,Brett Harris,https://www.espn.com/mlb/player/_/id/5133869
Oakland Athletics,Tyler Nevin,https://www.espn.com/mlb/player/_/id/39608
Oakland Athletics,Max Schuemann,https://www.espn.com/mlb/player/_/id/3962127
Oakland Athletics,Abraham Toro,https://www.espn.com/mlb/player/_/id/40754
Oakland Athletics,Miguel Andujar,https://www.espn.com/mlb/player/_/id/33743
Oakland Athletics,JJ Bleday,https://www.espn.com/mlb/player/_/id/42410
Oakland Athletics,Seth Brown,https://www.espn.com/mlb/player/_/id/35676
Oakland Athletics,Lawrence Butler,https://www.espn.com/mlb/player/_/id/4917919
Oakland Athletics,Daz Cameron,https://www.espn.com/mlb/player/_/id/34964
Oakland Athletics,Brent Rooker,https://www.espn.com/mlb/player/_/id/40926
Seattle Mariners,Luis Castillo,https://www.espn.com/mlb/player/_/id/35124
Seattle Mariners,Logan Gilbert,https://www.espn.com/mlb/player/_/id/41221
Seattle Mariners,George Kirby,https://www.espn.com/mlb/player/_/id/42406
Seattle Mariners,Bryce Miller,https://www.espn.com/mlb/player/_/id/4654313
Seattle Mariners,Andres Munoz,https://www.espn.com/mlb/player/_/id/40939
Seattle Mariners,Gregory Santos,https://www.espn.com/mlb/player/_/id/39682
Seattle Mariners,Tayler Saucedo,https://www.espn.com/mlb/player/_/id/42683
Seattle Mariners,Collin Snider,https://www.espn.com/mlb/player/_/id/3183870
Seattle Mariners,Gabe Speier,https://www.espn.com/mlb/player/_/id/40327
Seattle Mariners,Ryne Stanek,https://www.espn.com/mlb/player/_/id/33301
Seattle Mariners,Trent Thornton,https://www.espn.com/mlb/player/_/id/36728
Seattle Mariners,Austin Voth,https://www.espn.com/mlb/player/_/id/35044
Seattle Mariners,Bryan Woo,https://www.espn.com/mlb/player/_/id/4629089
Seattle Mariners,Cal Raleigh,https://www.espn.com/mlb/player/_/id/41292
Seattle Mariners,JP Crawford,https://www.espn.com/mlb/player/_/id/33210
Cincinnati Reds,Ty France,https://www.espn.com/mlb/player/_/id/35591
Seattle Mariners,Dylan Moore,https://www.espn.com/mlb/player/_/id/40593
Seattle Mariners,Jorge Polanco,https://www.espn.com/mlb/player/_/id/32525
Seattle Mariners,Josh Rojas,https://www.espn.com/mlb/player/_/id/40718
Seattle Mariners,Jason Vosler,https://www.espn.com/mlb/player/_/id/35159
Seattle Mariners,Jonatan Clase,https://www.espn.com/mlb/player/_/id/4918159
Seattle Mariners,Mitch Haniger,https://www.espn.com/mlb/player/_/id/32771
Seattle Mariners,Luke Raley,https://www.espn.com/mlb/player/_/id/40422
Seattle Mariners,Victor Robles,https://www.espn.com/mlb/player/_/id/35042
Seattle Mariners,Julio Rodriguez,https://www.espn.com/mlb/player/_/id/41044
Seattle Mariners,Mitch Garver,https://www.espn.com/mlb/player/_/id/33667
Texas Rangers,Nathan Eovaldi,https://www.espn.com/mlb/player/_/id/31174
Texas Rangers,Gerson Garabito,https://www.espn.com/mlb/player/_/id/42966
Texas Rangers,Jon Gray,https://www.espn.com/mlb/player/_/id/33203
Texas Rangers,Andrew Heaney,https://www.espn.com/mlb/player/_/id/32672
Texas Rangers,Jonathan Hernandez,https://www.espn.com/mlb/player/_/id/39814
Texas Rangers,Jacob Latz,https://www.espn.com/mlb/player/_/id/3210625
Texas Rangers,Jose Leclerc,https://www.espn.com/mlb/player/_/id/33926
Texas Rangers,Michael Lorenzen,https://www.espn.com/mlb/player/_/id/33252
Texas Rangers,David Robertson,https://www.espn.com/mlb/player/_/id/29172
Texas Rangers,Josh Sborz,https://www.espn.com/mlb/player/_/id/36178
Texas Rangers,Max Scherzer,https://www.espn.com/mlb/player/_/id/28976
Texas Rangers,Jose Urena,https://www.espn.com/mlb/player/_/id/33107
Texas Rangers,Kirby Yates,https://www.espn.com/mlb/player/_/id/32623
Texas Rangers,Jonah Heim,https://www.espn.com/mlb/player/_/id/33842
Texas Rangers,Andrew Knizner,https://www.espn.com/mlb/player/_/id/36170
Texas Rangers,Justin Foscue,https://www.espn.com/mlb/player/_/id/4298639
Texas Rangers,Nathaniel Lowe,https://www.espn.com/mlb/player/_/id/40538
Texas Rangers,Jonathan Ornelas,https://www.espn.com/mlb/player/_/id/41339
Texas Rangers,Corey Seager,https://www.espn.com/mlb/player/_/id/32691
Texas Rangers,Marcus Semien,https://www.espn.com/mlb/player/_/id/32146
Texas Rangers,Josh Smith,https://www.espn.com/mlb/player/_/id/42884
Texas Rangers,Adolis Garcia,https://www.espn.com/mlb/player/_/id/35537
Texas Rangers,Robbie Grossman,https://www.espn.com/mlb/player/_/id/31385
Texas Rangers,Travis Jankowski,https://www.espn.com/mlb/player/_/id/32751
Texas Rangers,Wyatt Langford,https://www.espn.com/mlb/player/_/id/4719324
Texas Rangers,Leody Taveras,https://www.espn.com/mlb/player/_/id/34951
Chicago Cubs,Javier Assad,https://www.espn.com/mlb/player/_/id/5002950
Chicago Cubs,Kyle Hendricks,https://www.espn.com/mlb/player/_/id/33173
Chicago Cubs,Porter Hodge,https://www.espn.com/mlb/player/_/id/5185133
Chicago Cubs,Shota Imanaga,https://www.espn.com/mlb/player/_/id/5134630
Chicago Cubs,Mark Leiter Jr,https://www.espn.com/mlb/player/_/id/36202
Chicago Cubs,Jorge Lopez,https://www.espn.com/mlb/player/_/id/33833
Chicago Cubs,Julian Merryweather,https://www.espn.com/mlb/player/_/id/39816
Chicago Cubs,Tyson Miller,https://www.espn.com/mlb/player/_/id/42362
Chicago Cubs,Hector Neris,https://www.espn.com/mlb/player/_/id/32377
Chicago Cubs,Drew Smyly,https://www.espn.com/mlb/player/_/id/31816
Chicago Cubs,Justin Steele,https://www.espn.com/mlb/player/_/id/41022
Chicago Cubs,Jameson Taillon,https://www.espn.com/mlb/player/_/id/31258
Chicago Cubs,Jesus Tinoco,https://www.espn.com/mlb/player/_/id/39822
Chicago Cubs,Miguel Amaya,https://www.espn.com/mlb/player/_/id/38905
Chicago Cubs,Tomas Nido,https://www.espn.com/mlb/player/_/id/36068
Chicago Cubs,David Bote,https://www.espn.com/mlb/player/_/id/35246
Chicago Cubs,Michael Busch,https://www.espn.com/mlb/player/_/id/42415
Chicago Cubs,Nico Hoerner,https://www.espn.com/mlb/player/_/id/41219
Chicago Cubs,Miles Mastrobuoni,https://www.espn.com/mlb/player/_/id/40900
Tampa Bay Rays,Christopher Morel,https://www.espn.com/mlb/player/_/id/42927
Chicago Cubs,Dansby Swanson,https://www.espn.com/mlb/player/_/id/34895
Chicago Cubs,Patrick Wisdom,https://www.espn.com/mlb/player/_/id/32861
Chicago Cubs,Pete Crow-Armstrong,https://www.espn.com/mlb/player/_/id/4717833
Chicago Cubs,Ian Happ,https://www.espn.com/mlb/player/_/id/34945
Chicago Cubs,Seiya Suzuki,https://www.espn.com/mlb/player/_/id/4142424
Chicago Cubs,Mike Tauchman,https://www.espn.com/mlb/player/_/id/33956
Cincinnati Reds,Andrew Abbott,https://www.espn.com/mlb/player/_/id/4414528
Cincinnati Reds,Fernando Cruz,https://www.espn.com/mlb/player/_/id/34068
Cincinnati Reds,Alexis Diaz,https://www.espn.com/mlb/player/_/id/4905920
Cincinnati Reds,Buck Farmer,https://www.espn.com/mlb/player/_/id/33627
Cincinnati Reds,Hunter Greene,https://www.espn.com/mlb/player/_/id/39635
Cincinnati Reds,Casey Legumina,https://www.espn.com/mlb/player/_/id/4346117
Cincinnati Reds,Nick Lodolo,https://www.espn.com/mlb/player/_/id/42433
Cincinnati Reds,Nick Martinez,https://www.espn.com/mlb/player/_/id/33372
Cincinnati Reds,Sam Moll,https://www.espn.com/mlb/player/_/id/34928
Cincinnati Reds,Frankie Montas,https://www.espn.com/mlb/player/_/id/33249
Cincinnati Reds,Tony Santillan,https://www.espn.com/mlb/player/_/id/40950
Cincinnati Reds,Lucas Sims,https://www.espn.com/mlb/player/_/id/32807
Cincinnati Reds,Justin Wilson,https://www.espn.com/mlb/player/_/id/31026
Cincinnati Reds,Tyler Stephenson,https://www.espn.com/mlb/player/_/id/34975
Cincinnati Reds,Austin Wynns,https://www.espn.com/mlb/player/_/id/35314
Cincinnati Reds,Jeimer Candelario,https://www.espn.com/mlb/player/_/id/32531
Cincinnati Reds,Elly De La Cruz,https://www.espn.com/mlb/player/_/id/4917694
Cincinnati Reds,Santiago Espinal,https://www.espn.com/mlb/player/_/id/39924
Cincinnati Reds,Jonathan India,https://www.espn.com/mlb/player/_/id/41171
Cincinnati Reds,Noelvi Marte,https://www.espn.com/mlb/player/_/id/41307
Cincinnati Reds,Will Benson,https://www.espn.com/mlb/player/_/id/39216
Cincinnati Reds,Stuart Fairchild,https://www.espn.com/mlb/player/_/id/40346
Cincinnati Reds,Jake Fraley,https://www.espn.com/mlb/player/_/id/37974
Cincinnati Reds,Rece Hinds,https://www.espn.com/mlb/player/_/id/42545
Baltimore Orioles,Austin Slater,https://www.espn.com/mlb/player/_/id/35265
Cincinnati Reds,Spencer Steer,https://www.espn.com/mlb/player/_/id/4722857
Milwaukee Brewers,Aaron Civale,https://www.espn.com/mlb/player/_/id/40934
Milwaukee Brewers,Bryan Hudson,https://www.espn.com/mlb/player/_/id/4991171
Milwaukee Brewers,Jakob Junis,https://www.espn.com/mlb/player/_/id/36056
Milwaukee Brewers,Jared Koenig,https://www.espn.com/mlb/player/_/id/4995802
Milwaukee Brewers,Trevor Megill,https://www.espn.com/mlb/player/_/id/40080
Milwaukee Brewers,Hoby Milner,https://www.espn.com/mlb/player/_/id/36088
Milwaukee Brewers,Tobias Myers,https://www.espn.com/mlb/player/_/id/39716
Milwaukee Brewers,Joel Payamps,https://www.espn.com/mlb/player/_/id/40021
Milwaukee Brewers,Elvis Peguero,https://www.espn.com/mlb/player/_/id/4881978
Milwaukee Brewers,Freddy Peralta,https://www.espn.com/mlb/player/_/id/39825
Milwaukee Brewers,Colin Rea,https://www.espn.com/mlb/player/_/id/33950
Milwaukee Brewers,Bryse Wilson,https://www.espn.com/mlb/player/_/id/40922
Milwaukee Brewers,Rob Zastryzny,https://www.espn.com/mlb/player/_/id/36025
Milwaukee Brewers,William Contreras,https://www.espn.com/mlb/player/_/id/39895
Milwaukee Brewers,Eric Haase,https://www.espn.com/mlb/player/_/id/33452
Milwaukee Brewers,Willy Adames,https://www.espn.com/mlb/player/_/id/33675
Milwaukee Brewers,Jake Bauers,https://www.espn.com/mlb/player/_/id/35013
Milwaukee Brewers,Rhys Hoskins,https://www.espn.com/mlb/player/_/id/35291
Milwaukee Brewers,Andruw Monasterio,https://www.espn.com/mlb/player/_/id/36950
Milwaukee Brewers,Joey Ortiz,https://www.espn.com/mlb/player/_/id/42958
Milwaukee Brewers,Brice Turang,https://www.espn.com/mlb/player/_/id/41179
Milwaukee Brewers,Jackson Chourio,https://www.espn.com/mlb/player/_/id/4917869
Milwaukee Brewers,Sal Frelick,https://www.espn.com/mlb/player/_/id/4417795
Milwaukee Brewers,Garrett Mitchell,https://www.espn.com/mlb/player/_/id/4313442
Milwaukee Brewers,Blake Perkins,https://www.espn.com/mlb/player/_/id/36974
Milwaukee Brewers,Christian Yelich,https://www.espn.com/mlb/player/_/id/31283
Pittsburgh Pirates,David Bednar,https://www.espn.com/mlb/player/_/id/38303
Pittsburgh Pirates,Aroldis Chapman,https://www.espn.com/mlb/player/_/id/30442
Pittsburgh Pirates,Josh Fleming,https://www.espn.com/mlb/player/_/id/42615
Pittsburgh Pirates,Marco Gonzales,https://www.espn.com/mlb/player/_/id/33158
Pittsburgh Pirates,Colin Holderman,https://www.espn.com/mlb/player/_/id/4917897
Pittsburgh Pirates,Mitch Keller,https://www.espn.com/mlb/player/_/id/33722
Pittsburgh Pirates,Carmen Mlodzinski,https://www.espn.com/mlb/player/_/id/4298378
Pittsburgh Pirates,Kyle Nicolas,https://www.espn.com/mlb/player/_/id/4415762
Pittsburgh Pirates,Luis Ortiz,https://www.espn.com/mlb/player/_/id/5101355
Pittsburgh Pirates,Martin Perez,https://www.espn.com/mlb/player/_/id/31098
Pittsburgh Pirates,Quinn Priester,https://www.espn.com/mlb/player/_/id/42449
Pittsburgh Pirates,Dennis Santana,https://www.espn.com/mlb/player/_/id/39801
Pittsburgh Pirates,Paul Skenes,https://www.espn.com/mlb/player/_/id/4719507
Pittsburgh Pirates,Joey Bart,https://www.espn.com/mlb/player/_/id/41168
Pittsburgh Pirates,Yasmani Grandal,https://www.espn.com/mlb/player/_/id/30950
Pittsburgh Pirates,Oneil Cruz,https://www.espn.com/mlb/player/_/id/39712
Pittsburgh Pirates,Nick Gonzales,https://www.espn.com/mlb/player/_/id/4311634
Pittsburgh Pirates,Ke'Bryan Hayes,https://www.espn.com/mlb/player/_/id/35020
Pittsburgh Pirates,Connor Joe,https://www.espn.com/mlb/player/_/id/35440
Pittsburgh Pirates,Rowdy Tellez,https://www.espn.com/mlb/player/_/id/34287
Pittsburgh Pirates,Jared Triolo,https://www.espn.com/mlb/player/_/id/42933
Pittsburgh Pirates,Andrew McCutchen,https://www.espn.com/mlb/player/_/id/28701
Pittsburgh Pirates,Joshua Palacios,https://www.espn.com/mlb/player/_/id/36462
Pittsburgh Pirates,Bryan Reynolds,https://www.espn.com/mlb/player/_/id/38980
Pittsburgh Pirates,Jack Suwinski,https://www.espn.com/mlb/player/_/id/36754
Pittsburgh Pirates,Michael A Taylor,https://www.espn.com/mlb/player/_/id/32219
St. Louis Cardinals,Ryan Fernandez,https://www.espn.com/mlb/player/_/id/5002952
St. Louis Cardinals,Giovanny Gallegos,https://www.espn.com/mlb/player/_/id/36050
St. Louis Cardinals,Kyle Gibson,https://www.espn.com/mlb/player/_/id/31053
St. Louis Cardinals,Sonny Gray,https://www.espn.com/mlb/player/_/id/32082
St. Louis Cardinals,Ryan Helsley,https://www.espn.com/mlb/player/_/id/39909
St. Louis Cardinals,John King,https://www.espn.com/mlb/player/_/id/41763
St. Louis Cardinals,Andrew Kittredge,https://www.espn.com/mlb/player/_/id/35872
St. Louis Cardinals,Matthew Liberatore,https://www.espn.com/mlb/player/_/id/41173
St. Louis Cardinals,Lance Lynn,https://www.espn.com/mlb/player/_/id/30820
St. Louis Cardinals,Miles Mikolas,https://www.espn.com/mlb/player/_/id/32116
St. Louis Cardinals,Andre Pallante,https://www.espn.com/mlb/player/_/id/4109034
St. Louis Cardinals,JoJo Romero,https://www.espn.com/mlb/player/_/id/40456
St. Louis Cardinals,Chris Roycroft,https://www.espn.com/mlb/player/_/id/5201199
St. Louis Cardinals,Ryan Tepera,https://www.espn.com/mlb/player/_/id/32107
St. Louis Cardinals,Willson Contreras,https://www.espn.com/mlb/player/_/id/32532
St. Louis Cardinals,Pedro Pages,https://www.espn.com/mlb/player/_/id/42608
St. Louis Cardinals,Nolan Arenado,https://www.espn.com/mlb/player/_/id/31261
St. Louis Cardinals,Brandon Crawford,https://www.espn.com/mlb/player/_/id/30469
St. Louis Cardinals,Paul Goldschmidt,https://www.espn.com/mlb/player/_/id/31027
St. Louis Cardinals,Nolan Gorman,https://www.espn.com/mlb/player/_/id/41174
St. Louis Cardinals,Masyn Winn,https://www.espn.com/mlb/player/_/id/4683365
St. Louis Cardinals,Alec Burleson,https://www.espn.com/mlb/player/_/id/4345070
Tampa Bay Rays,Dylan Carlson,https://www.espn.com/mlb/player/_/id/39226
St. Louis Cardinals,Brendan Donovan,https://www.espn.com/mlb/player/_/id/41773
St. Louis Cardinals,Lars Nootbaar,https://www.espn.com/mlb/player/_/id/4448736
St. Louis Cardinals,Michael Siani,https://www.espn.com/mlb/player/_/id/41209
St. Louis Cardinals,Matt Carpenter,https://www.espn.com/mlb/player/_/id/31015
Atlanta Braves,Aaron Bummer,https://www.espn.com/mlb/player/_/id/36131
Atlanta Braves,Jesse Chavez,https://www.espn.com/mlb/player/_/id/29220
Atlanta Braves,Dylan Dodd,https://www.espn.com/mlb/player/_/id/4416462
Atlanta Braves,Grant Holmes,https://www.espn.com/mlb/player/_/id/33840
Atlanta Braves,Raisel Iglesias,https://www.espn.com/mlb/player/_/id/33618
Atlanta Braves,Joe Jimenez,https://www.espn.com/mlb/player/_/id/33760
Atlanta Braves,Pierce Johnson,https://www.espn.com/mlb/player/_/id/32777
Atlanta Braves,Dylan Lee,https://www.espn.com/mlb/player/_/id/41455
Atlanta Braves,Reynaldo Lopez,https://www.espn.com/mlb/player/_/id/33860
Atlanta Braves,AJ Minter,https://www.espn.com/mlb/player/_/id/36133
Atlanta Braves,Charlie Morton,https://www.espn.com/mlb/player/_/id/29155
Atlanta Braves,Chris Sale,https://www.espn.com/mlb/player/_/id/30948
Atlanta Braves,Spencer Schwellenbach,https://www.espn.com/mlb/player/_/id/4424862
Atlanta Braves,Travis d'Arnaud,https://www.espn.com/mlb/player/_/id/29951
Atlanta Braves,Sean Murphy,https://www.espn.com/mlb/player/_/id/33557
Atlanta Braves,Nacho Alvarez Jr,https://www.espn.com/mlb/player/_/id/5133834
Atlanta Braves,Orlando Arcia,https://www.espn.com/mlb/player/_/id/32530
Atlanta Braves,Whit Merrifield,https://www.espn.com/mlb/player/_/id/32422
Atlanta Braves,Matt Olson,https://www.espn.com/mlb/player/_/id/32767
Atlanta Braves,Austin Riley,https://www.espn.com/mlb/player/_/id/34982
Atlanta Braves,Zack Short,https://www.espn.com/mlb/player/_/id/36953
Atlanta Braves,Brian Anderson,https://www.espn.com/mlb/player/_/id/33776
Atlanta Braves,Adam Duvall,https://www.espn.com/mlb/player/_/id/32664
Atlanta Braves,Jarred Kelenic,https://www.espn.com/mlb/player/_/id/41150
Atlanta Braves,Ramon Laureano,https://www.espn.com/mlb/player/_/id/35142
Atlanta Braves,Eddie Rosario,https://www.espn.com/mlb/player/_/id/31944
Atlanta Braves,Marcell Ozuna,https://www.espn.com/mlb/player/_/id/31668
Miami Marlins,Anthony Bender,https://www.espn.com/mlb/player/_/id/42171
Miami Marlins,Huascar Brazoban,https://www.espn.com/mlb/player/_/id/4916509
Miami Marlins,Edward Cabrera,https://www.espn.com/mlb/player/_/id/40944
Miami Marlins,JT Chargois,https://www.espn.com/mlb/player/_/id/34854
Miami Marlins,Yonny Chirinos,https://www.espn.com/mlb/player/_/id/39823
Miami Marlins,Declan Cronin,https://www.espn.com/mlb/player/_/id/5125258
Miami Marlins,Calvin Faucher,https://www.espn.com/mlb/player/_/id/3978173
Miami Marlins,Bryan Hoeing,https://www.espn.com/mlb/player/_/id/42200
Miami Marlins,Roddery Munoz,https://www.espn.com/mlb/player/_/id/5116856
Miami Marlins,Andrew Nardi,https://www.espn.com/mlb/player/_/id/3975840
Miami Marlins,AJ Puk,https://www.espn.com/mlb/player/_/id/36201
Miami Marlins,Trevor Rogers,https://www.espn.com/mlb/player/_/id/39640
Miami Marlins,Tanner Scott,https://www.espn.com/mlb/player/_/id/35135
Miami Marlins,Nick Fortes,https://www.espn.com/mlb/player/_/id/41674
Miami Marlins,Ali Sanchez,https://www.espn.com/mlb/player/_/id/37537
Arizona Diamondbacks,Josh Bell,https://www.espn.com/mlb/player/_/id/32517
Miami Marlins,Jonah Bride,https://www.espn.com/mlb/player/_/id/3960984
Miami Marlins,Vidal Brujan,https://www.espn.com/mlb/player/_/id/40462
Miami Marlins,Jake Burger,https://www.espn.com/mlb/player/_/id/39882
Miami Marlins,Xavier Edwards,https://www.espn.com/mlb/player/_/id/41326
Miami Marlins,Otto Lopez,https://www.espn.com/mlb/player/_/id/41917
Baltimore Orioles,Emmanuel Rivera,https://www.espn.com/mlb/player/_/id/40519
New York Yankees,Jazz Chisholm Jr,https://www.espn.com/mlb/player/_/id/41433
Pittsburgh Pirates,Bryan De La Cruz,https://www.espn.com/mlb/player/_/id/40787
Miami Marlins,Nick Gordon,https://www.espn.com/mlb/player/_/id/33705
Miami Marlins,Jesus Sanchez,https://www.espn.com/mlb/player/_/id/39957
New York Mets,Jose Butto,https://www.espn.com/mlb/player/_/id/4905900
New York Mets,Edwin Diaz,https://www.espn.com/mlb/player/_/id/35394
New York Mets,Jake Diekman,https://www.espn.com/mlb/player/_/id/32178
New York Mets,Adrian Houser,https://www.espn.com/mlb/player/_/id/32157
New York Mets,Sean Manaea,https://www.espn.com/mlb/player/_/id/33244
New York Mets,Phil Maton,https://www.espn.com/mlb/player/_/id/36161
New York Mets,Dedniel Nunez,https://www.espn.com/mlb/player/_/id/4717899
New York Mets,Adam Ottavino,https://www.espn.com/mlb/player/_/id/29705
New York Mets,David Peterson,https://www.espn.com/mlb/player/_/id/40921
New York Mets,Jose Quintana,https://www.espn.com/mlb/player/_/id/32106
New York Mets,Christian Scott,https://www.espn.com/mlb/player/_/id/4414215
New York Mets,Luis Severino,https://www.espn.com/mlb/player/_/id/33263
New York Mets,Danny Young,https://www.espn.com/mlb/player/_/id/40903
New York Mets,Francisco Alvarez,https://www.espn.com/mlb/player/_/id/41253
New York Mets,Luis Torrens,https://www.espn.com/mlb/player/_/id/33805
New York Mets,Pete Alonso,https://www.espn.com/mlb/player/_/id/37498
New York Mets,Jose Iglesias,https://www.espn.com/mlb/player/_/id/30382
New York Mets,Francisco Lindor,https://www.espn.com/mlb/player/_/id/32129
New York Mets,Jeff McNeil,https://www.espn.com/mlb/player/_/id/33900
New York Mets,Mark Vientos,https://www.espn.com/mlb/player/_/id/41034
New York Mets,Harrison Bader,https://www.espn.com/mlb/player/_/id/35062
Houston Astros,Ben Gamel,https://www.espn.com/mlb/player/_/id/31824
New York Mets,Brandon Nimmo,https://www.espn.com/mlb/player/_/id/32159
New York Mets,DJ Stewart,https://www.espn.com/mlb/player/_/id/34942
New York Mets,Tyrone Taylor,https://www.espn.com/mlb/player/_/id/32783
New York Mets,JD Martinez,https://www.espn.com/mlb/player/_/id/31065
Philadelphia Phillies,Jose Alvarado,https://www.espn.com/mlb/player/_/id/36063
Philadelphia Phillies,Seranthony Dominguez,https://www.espn.com/mlb/player/_/id/37793
Philadelphia Phillies,Jeff Hoffman,https://www.espn.com/mlb/player/_/id/33841
Philadelphia Phillies,Orion Kerkering,https://www.espn.com/mlb/player/_/id/4630789
Philadelphia Phillies,Yunior Marte,https://www.espn.com/mlb/player/_/id/40419
Philadelphia Phillies,Aaron Nola,https://www.espn.com/mlb/player/_/id/33709
Philadelphia Phillies,Tyler Phillips,https://www.espn.com/mlb/player/_/id/41247
Philadelphia Phillies,Jose Ruiz,https://www.espn.com/mlb/player/_/id/36053
Philadelphia Phillies,Cristopher Sanchez,https://www.espn.com/mlb/player/_/id/42359
Philadelphia Phillies,Gregory Soto,https://www.espn.com/mlb/player/_/id/39804
Philadelphia Phillies,Matt Strahm,https://www.espn.com/mlb/player/_/id/34862
Philadelphia Phillies,Ranger Suarez,https://www.espn.com/mlb/player/_/id/39817
Philadelphia Phillies,Zack Wheeler,https://www.espn.com/mlb/player/_/id/31267
Philadelphia Phillies,JT Realmuto,https://www.espn.com/mlb/player/_/id/32177
Philadelphia Phillies,Garrett Stubbs,https://www.espn.com/mlb/player/_/id/35760
Philadelphia Phillies,Alec Bohm,https://www.espn.com/mlb/player/_/id/41169
Philadelphia Phillies,Bryce Harper,https://www.espn.com/mlb/player/_/id/30951
Philadelphia Phillies,Edmundo Sosa,https://www.espn.com/mlb/player/_/id/33809
Philadelphia Phillies,Bryson Stott,https://www.espn.com/mlb/player/_/id/42417
Philadelphia Phillies,Trea Turner,https://www.espn.com/mlb/player/_/id/33710
Philadelphia Phillies,Weston Wilson,https://www.espn.com/mlb/player/_/id/38682
Philadelphia Phillies,Nick Castellanos,https://www.espn.com/mlb/player/_/id/31187
Philadelphia Phillies,Brandon Marsh,https://www.espn.com/mlb/player/_/id/40803
Miami Marlins,Cristian Pache,https://www.espn.com/mlb/player/_/id/39897
Philadelphia Phillies,Johan Rojas,https://www.espn.com/mlb/player/_/id/42829
Philadelphia Phillies,Kyle Schwarber,https://www.espn.com/mlb/player/_/id/33712
Washington Nationals,Jacob Barnes,https://www.espn.com/mlb/player/_/id/34868
Washington Nationals,Patrick Corbin,https://www.espn.com/mlb/player/_/id/31313
Washington Nationals,Jose Ferrer,https://www.espn.com/mlb/player/_/id/5119607
Washington Nationals,Kyle Finnegan,https://www.espn.com/mlb/player/_/id/36543
Washington Nationals,Dylan Floro,https://www.espn.com/mlb/player/_/id/33852
Washington Nationals,Robert Garcia,https://www.espn.com/mlb/player/_/id/5125167
Washington Nationals,MacKenzie Gore,https://www.espn.com/mlb/player/_/id/39636
Washington Nationals,Jake Irvin,https://www.espn.com/mlb/player/_/id/41290
Washington Nationals,Derek Law,https://www.espn.com/mlb/player/_/id/33139
Washington Nationals,Mitchell Parker,https://www.espn.com/mlb/player/_/id/4683356
Washington Nationals,Tanner Rainey,https://www.espn.com/mlb/player/_/id/38582
Washington Nationals,Eduardo Salazar,https://www.espn.com/mlb/player/_/id/4722862
Washington Nationals,Jordan Weems,https://www.espn.com/mlb/player/_/id/40039
Washington Nationals,Riley Adams,https://www.espn.com/mlb/player/_/id/40655
Washington Nationals,Keibert Ruiz,https://www.espn.com/mlb/player/_/id/38827
Washington Nationals,CJ Abrams,https://www.espn.com/mlb/player/_/id/42402
Washington Nationals,Luis Garcia Jr,https://www.espn.com/mlb/player/_/id/40459
Washington Nationals,Trey Lipscomb,https://www.espn.com/mlb/player/_/id/4413982
Washington Nationals,Nasim Nunez,https://www.espn.com/mlb/player/_/id/4728688
Washington Nationals,Ildemaro Vargas,https://www.espn.com/mlb/player/_/id/32985
Washington Nationals,Juan Yepez,https://www.espn.com/mlb/player/_/id/4895558
Washington Nationals,Harold Ramirez,https://www.espn.com/mlb/player/_/id/33259
Cleveland Guardians,Lane Thomas,https://www.espn.com/mlb/player/_/id/36409
New York Mets,Jesse Winker,https://www.espn.com/mlb/player/_/id/32833
Washington Nationals,James Wood,https://www.espn.com/mlb/player/_/id/4918256
Washington Nationals,Jacob Young,https://www.espn.com/mlb/player/_/id/4414210
Arizona Diamondbacks,Humberto Castellanos,https://www.espn.com/mlb/player/_/id/41831
Arizona Diamondbacks,Miguel Castro,https://www.espn.com/mlb/player/_/id/33820
Arizona Diamondbacks,Yilber Diaz,https://www.espn.com/mlb/player/_/id/5217798
Arizona Diamondbacks,Zac Gallen,https://www.espn.com/mlb/player/_/id/39910
Arizona Diamondbacks,Kevin Ginkel,https://www.espn.com/mlb/player/_/id/41432
Arizona Diamondbacks,Bryce Jarvis,https://www.espn.com/mlb/player/_/id/4297972
Arizona Diamondbacks,Joe Mantiply,https://www.espn.com/mlb/player/_/id/33691
Arizona Diamondbacks,Justin Martinez,https://www.espn.com/mlb/player/_/id/5116851
Arizona Diamondbacks,Ryne Nelson,https://www.espn.com/mlb/player/_/id/4916269
Arizona Diamondbacks,Brandon Pfaadt,https://www.espn.com/mlb/player/_/id/4721302
Arizona Diamondbacks,Paul Sewald,https://www.espn.com/mlb/player/_/id/35009
Arizona Diamondbacks,Ryan Thompson,https://www.espn.com/mlb/player/_/id/38628
Arizona Diamondbacks,Thyago Vieira,https://www.espn.com/mlb/player/_/id/36048
Arizona Diamondbacks,Jose Herrera,https://www.espn.com/mlb/player/_/id/40851
Arizona Diamondbacks,Gabriel Moreno,https://www.espn.com/mlb/player/_/id/42464
Arizona Diamondbacks,Ketel Marte,https://www.espn.com/mlb/player/_/id/32512
Arizona Diamondbacks,Kevin Newman,https://www.espn.com/mlb/player/_/id/35022
Arizona Diamondbacks,Geraldo Perdomo,https://www.espn.com/mlb/player/_/id/41355
Arizona Diamondbacks,Eugenio Suarez,https://www.espn.com/mlb/player/_/id/32367
Arizona Diamondbacks,Christian Walker,https://www.espn.com/mlb/player/_/id/32758
Arizona Diamondbacks,Corbin Carroll,https://www.espn.com/mlb/player/_/id/42404
Arizona Diamondbacks,Randal Grichuk,https://www.espn.com/mlb/player/_/id/31399
Arizona Diamondbacks,Lourdes Gurriel Jr,https://www.espn.com/mlb/player/_/id/36040
Arizona Diamondbacks,Jake McCarthy,https://www.espn.com/mlb/player/_/id/41197
Arizona Diamondbacks,Alek Thomas,https://www.espn.com/mlb/player/_/id/41215
Arizona Diamondbacks,Joc Pederson,https://www.espn.com/mlb/player/_/id/31392
Colorado Rockies,Jalen Beeks,https://www.espn.com/mlb/player/_/id/36723
Colorado Rockies,Ty Blach,https://www.espn.com/mlb/player/_/id/33138
Colorado Rockies,Noah Davis,https://www.espn.com/mlb/player/_/id/4019957
Colorado Rockies,Ryan Feltner,https://www.espn.com/mlb/player/_/id/4019484
Colorado Rockies,Kyle Freeland,https://www.espn.com/mlb/player/_/id/33839
Colorado Rockies,Austin Gomber,https://www.espn.com/mlb/player/_/id/34897
Colorado Rockies,Tyler Kinley,https://www.espn.com/mlb/player/_/id/34166
Colorado Rockies,Peter Lambert,https://www.espn.com/mlb/player/_/id/39898
Colorado Rockies,Justin Lawrence,https://www.espn.com/mlb/player/_/id/41310
Colorado Rockies,Nick Mears,https://www.espn.com/mlb/player/_/id/42620
Colorado Rockies,Anthony Molina,https://www.espn.com/mlb/player/_/id/5016983
Colorado Rockies,Cal Quantrill,https://www.espn.com/mlb/player/_/id/39875
Colorado Rockies,Victor Vodnik,https://www.espn.com/mlb/player/_/id/4722599
Colorado Rockies,Elias Diaz,https://www.espn.com/mlb/player/_/id/33594
Colorado Rockies,Jacob Stallings,https://www.espn.com/mlb/player/_/id/34089
Colorado Rockies,Ryan McMahon,https://www.espn.com/mlb/player/_/id/33247
Colorado Rockies,Brendan Rodgers,https://www.espn.com/mlb/player/_/id/35073
Colorado Rockies,Aaron Schunk,https://www.espn.com/mlb/player/_/id/42430
Colorado Rockies,Michael Toglia,https://www.espn.com/mlb/player/_/id/42412
Colorado Rockies,Ezequiel Tovar,https://www.espn.com/mlb/player/_/id/4905919
Colorado Rockies,Charlie Blackmon,https://www.espn.com/mlb/player/_/id/31084
Colorado Rockies,Sean Bouchard,https://www.espn.com/mlb/player/_/id/41989
Colorado Rockies,Jake Cave,https://www.espn.com/mlb/player/_/id/33417
Colorado Rockies,Brenton Doyle,https://www.espn.com/mlb/player/_/id/42462
Colorado Rockies,Hunter Goodman,https://www.espn.com/mlb/player/_/id/4416591
Colorado Rockies,Sam Hilliard,https://www.espn.com/mlb/player/_/id/35831
Los Angeles Dodgers,Anthony Banda,https://www.espn.com/mlb/player/_/id/34542
Los Angeles Dodgers,Brent Honeywell,https://www.espn.com/mlb/player/_/id/33838
Los Angeles Dodgers,Daniel Hudson,https://www.espn.com/mlb/player/_/id/30376
Los Angeles Dodgers,Joe Kelly,https://www.espn.com/mlb/player/_/id/31992
Los Angeles Dodgers,Landon Knack,https://www.espn.com/mlb/player/_/id/4417826
Los Angeles Dodgers,Evan Phillips,https://www.espn.com/mlb/player/_/id/37911
Los Angeles Dodgers,Yohan Ramirez,https://www.espn.com/mlb/player/_/id/41893
Los Angeles Dodgers,Gavin Stone,https://www.espn.com/mlb/player/_/id/4417230
Los Angeles Dodgers,Blake Treinen,https://www.espn.com/mlb/player/_/id/32185
Los Angeles Dodgers,Alex Vesia,https://www.espn.com/mlb/player/_/id/42622
Los Angeles Dodgers,Justin Wrobleski,https://www.espn.com/mlb/player/_/id/4417203
Los Angeles Dodgers,Ryan Yarbrough,https://www.espn.com/mlb/player/_/id/33735
Los Angeles Dodgers,Austin Barnes,https://www.espn.com/mlb/player/_/id/32856
Los Angeles Dodgers,Will Smith,https://www.espn.com/mlb/player/_/id/38309
Los Angeles Dodgers,Cavan Biggio,https://www.espn.com/mlb/player/_/id/37639
Los Angeles Dodgers,Freddie Freeman,https://www.espn.com/mlb/player/_/id/30193
Los Angeles Dodgers,Enrique Hernandez,https://www.espn.com/mlb/player/_/id/31358
Los Angeles Dodgers,Gavin Lux,https://www.espn.com/mlb/player/_/id/40423
Los Angeles Dodgers,Miguel Rojas,https://www.espn.com/mlb/player/_/id/30791
Los Angeles Dodgers,River Ryan,https://www.espn.com/mlb/player/_/id/5007605
Los Angeles Dodgers,Teoscar Hernandez,https://www.espn.com/mlb/player/_/id/33377
Houston Astros,Jason Heyward,https://www.espn.com/mlb/player/_/id/29551
Los Angeles Dodgers,Andy Pages,https://www.espn.com/mlb/player/_/id/42468
Los Angeles Dodgers,Chris Taylor,https://www.espn.com/mlb/player/_/id/32900
Chicago White Sox,Miguel Vargas,https://www.espn.com/mlb/player/_/id/42453
Los Angeles Dodgers,Shohei Ohtani,https://www.espn.com/mlb/player/_/id/39832
San Diego Padres,Dylan Cease,https://www.espn.com/mlb/player/_/id/34943
San Diego Padres,Austin Davis,https://www.espn.com/mlb/player/_/id/39078
San Diego Padres,Enyel De Los Santos,https://www.espn.com/mlb/player/_/id/35026
San Diego Padres,Jeremiah Estrada,https://www.espn.com/mlb/player/_/id/41014
San Diego Padres,Logan Gillaspie,https://www.espn.com/mlb/player/_/id/4905860
San Diego Padres,Michael King,https://www.espn.com/mlb/player/_/id/40429
San Diego Padres,Stephen Kolek,https://www.espn.com/mlb/player/_/id/5190073
San Diego Padres,Yuki Matsui,https://www.espn.com/mlb/player/_/id/4142414
San Diego Padres,Adrian Morejon,https://www.espn.com/mlb/player/_/id/40917
San Diego Padres,Sean Reynolds,https://www.espn.com/mlb/player/_/id/41691
San Diego Padres,Robert Suarez,https://www.espn.com/mlb/player/_/id/4148749
San Diego Padres,Randy Vasquez,https://www.espn.com/mlb/player/_/id/4722847
San Diego Padres,Matt Waldron,https://www.espn.com/mlb/player/_/id/4020158
San Diego Padres,Luis Campusano,https://www.espn.com/mlb/player/_/id/40521
San Diego Padres,Kyle Higashioka,https://www.espn.com/mlb/player/_/id/30545
San Diego Padres,Luis Arraez,https://www.espn.com/mlb/player/_/id/39572
San Diego Padres,Xander Bogaerts,https://www.espn.com/mlb/player/_/id/31606
San Diego Padres,Jake Cronenworth,https://www.espn.com/mlb/player/_/id/36364
San Diego Padres,Ha-Seong Kim,https://www.espn.com/mlb/player/_/id/4089862
San Diego Padres,Manny Machado,https://www.espn.com/mlb/player/_/id/31097
San Diego Padres,Donovan Solano,https://www.espn.com/mlb/player/_/id/29703
San Diego Padres,Tyler Wade,https://www.espn.com/mlb/player/_/id/33878
San Diego Padres,Bryce Johnson,https://www.espn.com/mlb/player/_/id/42056
San Diego Padres,Jackson Merrill,https://www.espn.com/mlb/player/_/id/4872691
San Diego Padres,David Peralta,https://www.espn.com/mlb/player/_/id/33384
San Diego Padres,Jurickson Profar,https://www.espn.com/mlb/player/_/id/31117
San Francisco Giants,Mike Baumann,https://www.espn.com/mlb/player/_/id/40543
San Francisco Giants,Camilo Doval,https://www.espn.com/mlb/player/_/id/41337
San Francisco Giants,Kyle Harrison,https://www.espn.com/mlb/player/_/id/4683375
San Francisco Giants,Jordan Hicks,https://www.espn.com/mlb/player/_/id/37909
San Francisco Giants,Sean Hjelle,https://www.espn.com/mlb/player/_/id/41206
San Francisco Giants,Luke Jackson,https://www.espn.com/mlb/player/_/id/31749
San Francisco Giants,Erik Miller,https://www.espn.com/mlb/player/_/id/4152950
San Francisco Giants,Randy Rodriguez,https://www.espn.com/mlb/player/_/id/4919929
San Francisco Giants,Taylor Rogers,https://www.espn.com/mlb/player/_/id/33671
San Francisco Giants,Tyler Rogers,https://www.espn.com/mlb/player/_/id/34026
San Francisco Giants,Blake Snell,https://www.espn.com/mlb/player/_/id/33748
San Francisco Giants,Ryan Walker,https://www.espn.com/mlb/player/_/id/5000950
San Francisco Giants,Logan Webb,https://www.espn.com/mlb/player/_/id/41216
San Francisco Giants,Patrick Bailey,https://www.espn.com/mlb/player/_/id/4345843
San Francisco Giants,Curt Casali,https://www.espn.com/mlb/player/_/id/32049
San Francisco Giants,Matt Chapman,https://www.espn.com/mlb/player/_/id/33857
San Francisco Giants,Thairo Estrada,https://www.espn.com/mlb/player/_/id/36485
San Francisco Giants,Wilmer Flores,https://www.espn.com/mlb/player/_/id/30627
San Francisco Giants,LaMonte Wade Jr,https://www.espn.com/mlb/player/_/id/37798
San Francisco Giants,Brett Wisely,https://www.espn.com/mlb/player/_/id/4997597
San Francisco Giants,Michael Conforto,https://www.espn.com/mlb/player/_/id/33711
San Francisco Giants,Tyler Fitzgerald,https://www.espn.com/mlb/player/_/id/43030
San Francisco Giants,Luis Matos,https://www.espn.com/mlb/player/_/id/4722941
San Francisco Giants,Heliot Ramos,https://www.espn.com/mlb/player/_/id/39642
San Francisco Giants,Mike Yastrzemski,https://www.espn.com/mlb/player/_/id/33341
Atlanta Braves,Jorge Soler,https://www.espn.com/mlb/player/_/id/32558
Seattle Mariners,Tyler Locklear,https://www.espn.com/mlb/player/_/id/4866477
Los Angeles Angels,Luis Rengifo,https://www.espn.com/mlb/player/_/id/37237
Colorado Rockies,Kris Bryant,https://www.espn.com/mlb/player/_/id/33172
Milwaukee Brewers,Gary Sanchez,https://www.espn.com/mlb/player/_/id/31095
Los Angeles Dodgers,Nick Ahmed,https://www.espn.com/mlb/player/_/id/32355
San Francisco Giants,David Villar,https://www.espn.com/mlb/player/_/id/43031
Miami Marlins,Derek Hill,https://www.espn.com/mlb/player/_/id/33721
Minnesota Twins,Royce Lewis,https://www.espn.com/mlb/player/_/id/40635
Cincinnati Reds,TJ Friedl,https://www.espn.com/mlb/player/_/id/36020
Miami Marlins,Connor Norby,https://www.espn.com/mlb/player/_/id/4417606
Minnesota Twins,Jose Miranda,https://www.espn.com/mlb/player/_/id/41000
Los Angeles Dodgers,James Outman,https://www.espn.com/mlb/player/_/id/41802
Detroit Tigers,Ryan Vilade,https://www.espn.com/mlb/player/_/id/40960
Chicago Cubs,Christian Bethancourt,https://www.espn.com/mlb/player/_/id/31758
San Francisco Giants,Casey Schmitt,https://www.espn.com/mlb/player/_/id/4301949
Tampa Bay Rays,Tyler Alexander,https://www.espn.com/mlb/player/_/id/40360
Atlanta Braves,Luke Williams,https://www.espn.com/mlb/player/_/id/40466
Kansas City Royals,MJ Melendez,https://www.espn.com/mlb/player/_/id/40948
Seattle Mariners,Leo Rivas,https://www.espn.com/mlb/player/_/id/40858
Pittsburgh Pirates,Ji Hwan Bae,https://www.espn.com/mlb/player/_/id/40896
Toronto Blue Jays,Brian Serven,https://www.espn.com/mlb/player/_/id/41441
New York Yankees,Giancarlo Stanton,https://www.espn.com/mlb/player/_/id/30583
Texas Rangers,Ezequiel Duran,https://www.espn.com/mlb/player/_/id/42457
Chicago Cubs,Cody Bellinger,https://www.espn.com/mlb/player/_/id/33912
Texas Rangers,Josh Jung,https://www.espn.com/mlb/player/_/id/42437
Washington Nationals,Travis Blankenhorn,https://www.espn.com/mlb/player/_/id/40427
Miami Marlins,Kyle Stowers,https://www.espn.com/mlb/player/_/id/42796
Baltimore Orioles,Jackson Holliday,https://www.espn.com/mlb/player/_/id/5080633
Chicago White Sox,Dominic Fletcher,https://www.espn.com/mlb/player/_/id/42984
Washington Nationals,Alex Call,https://www.espn.com/mlb/player/_/id/38994
Los Angeles Angels,Michael Stefanic,https://www.espn.com/mlb/player/_/id/42711
San Francisco Giants,Blake Sabol,https://www.espn.com/mlb/player/_/id/5120296
Detroit Tigers,Dillon Dingler,https://www.espn.com/mlb/player/_/id/4345620
Detroit Tigers,Ryan Kreidler,https://www.espn.com/mlb/player/_/id/42701
Miami Marlins,Forrest Wall,https://www.espn.com/mlb/player/_/id/33726
San Francisco Giants,Jerar Encarnacion,https://www.espn.com/mlb/player/_/id/42623
San Francisco Giants,Marco Luciano,https://www.espn.com/mlb/player/_/id/41198
Baltimore Orioles,Coby Mayo,https://www.espn.com/mlb/player/_/id/4683371
Boston Red Sox,Nick Sogard,https://www.espn.com/mlb/player/_/id/42979
Chicago White Sox,Lenyn Sosa,https://www.espn.com/mlb/player/_/id/41684
Tampa Bay Rays,Kameron Misner,https://www.espn.com/mlb/player/_/id/42416
Houston Astros,Pedro Leon,https://www.espn.com/mlb/player/_/id/4717898
Cincinnati Reds,Luke Maile,https://www.espn.com/mlb/player/_/id/33271
Toronto Blue Jays,Luis De Los Santos,https://www.espn.com/mlb/player/_/id/41055
Miami Marlins,David Hensley,https://www.espn.com/mlb/player/_/id/3898501
Pittsburgh Pirates,Isiah Kiner-Falefa,https://www.espn.com/mlb/player/_/id/33572
Oakland Athletics,Darell Hernaiz,https://www.espn.com/mlb/player/_/id/43025
St. Louis Cardinals,Victor Scott II,https://www.espn.com/mlb/player/_/id/4807220
Houston Astros,Zach Dezenzo,https://www.espn.com/mlb/player/_/id/5137883
Detroit Tigers,Parker Meadows,https://www.espn.com/mlb/player/_/id/41223
Arizona Diamondbacks,Eduardo Rodriguez,https://www.espn.com/mlb/player/_/id/32675
Tampa Bay Rays,Jeffrey Springs,https://www.espn.com/mlb/player/_/id/35397
Miami Marlins,Max Meyer,https://www.espn.com/mlb/player/_/id/4345164
Pittsburgh Pirates,Bailey Falter,https://www.espn.com/mlb/player/_/id/4705677
San Francisco Giants,Hayden Birdsong,https://www.espn.com/mlb/player/_/id/5197166
Los Angeles Angels,Davis Daniel,https://www.espn.com/mlb/player/_/id/4081461
Atlanta Braves,Bryce Elder,https://www.espn.com/mlb/player/_/id/4301067
Texas Rangers,Tyler Mahle,https://www.espn.com/mlb/player/_/id/34973
Oakland Athletics,Ross Stripling,https://www.espn.com/mlb/player/_/id/32789
Los Angeles Dodgers,Clayton Kershaw,https://www.espn.com/mlb/player/_/id/28963
Arizona Diamondbacks,Adrian Del Castillo,https://www.espn.com/mlb/player/_/id/41464
Chicago White Sox,Davis Martin,https://www.espn.com/mlb/player/_/id/42823
Miami Marlins,Valente Bellozo,https://www.espn.com/mlb/player/_/id/5216700
New York Yankees,Will Warren,https://www.espn.com/mlb/player/_/id/5132011
Toronto Blue Jays,Bowden Francis,https://www.espn.com/mlb/player/_/id/4734325
New York Mets,Paul Blackburn,https://www.espn.com/mlb/player/_/id/32776
San Francisco Giants,Jakson Reetz,https://www.espn.com/mlb/player/_/id/33819
Los Angeles Angels,Charles Leblanc,https://www.espn.com/mlb/player/_/id/37820
Washington Nationals,DJ Herz,https://www.espn.com/mlb/player/_/id/4917686
Miami Marlins,Kyle Tyler,https://www.espn.com/mlb/player/_/id/4883501
Atlanta Braves,Kolby Allard,https://www.espn.com/mlb/player/_/id/34980
Arizona Diamondbacks,Jordan Montgomery,https://www.espn.com/mlb/player/_/id/38173
Oakland Athletics,Armando Alvarez,https://www.espn.com/mlb/player/_/id/42048
Cleveland Guardians,Joey Cantillo,https://www.espn.com/mlb/player/_/id/42488
Texas Rangers,Cody Bradford,https://www.espn.com/mlb/player/_/id/4142539
Minnesota Twins,Louie Varland,https://www.espn.com/mlb/player/_/id/4917888
Cleveland Guardians,Alex Cobb,https://www.espn.com/mlb/player/_/id/31086
Cincinnati Reds,Carson Spiers,https://www.espn.com/mlb/player/_/id/5165292
Colorado Rockies,Tanner Gordon,https://www.espn.com/mlb/player/_/id/4415658
Miami Marlins,Jhonny Pereda,https://www.espn.com/mlb/player/_/id/40702
Minnesota Twins,Kyle Farmer,https://www.espn.com/mlb/player/_/id/33287
Colorado Rockies,Dakota Hudson,https://www.espn.com/mlb/player/_/id/38680
Atlanta Braves,Max Fried,https://www.espn.com/mlb/player/_/id/32685
Washington Nationals,Jose Tena,https://www.espn.com/mlb/player/_/id/42105
Boston Red Sox,Enmanuel Valdez,https://www.espn.com/mlb/player/_/id/41557
Atlanta Braves,Eli White,https://www.espn.com/mlb/player/_/id/39963
Detroit Tigers,Akil Baddoo,https://www.espn.com/mlb/player/_/id/40634
Los Angeles Angels,Jack Kochanowicz,https://www.espn.com/mlb/player/_/id/4917819
Boston Red Sox,James Paxton,https://www.espn.com/mlb/player/_/id/31980
Minnesota Twins,David Festa,https://www.espn.com/mlb/player/_/id/5124114
Milwaukee Brewers,DL Hall,https://www.espn.com/mlb/player/_/id/41018
Los Angeles Dodgers,Tyler Glasnow,https://www.espn.com/mlb/player/_/id/33190
Arizona Diamondbacks,Merrill Kelly,https://www.espn.com/mlb/player/_/id/32968
St. Louis Cardinals,Jordan Walker,https://www.espn.com/mlb/player/_/id/4684778
Los Angeles Dodgers,Mookie Betts,https://www.espn.com/mlb/player/_/id/33039
Chicago White Sox,Ky Bush,https://www.espn.com/mlb/player/_/id/4917816
San Diego Padres,Joe Musgrove,https://www.espn.com/mlb/player/_/id/34848
Pittsburgh Pirates,Jake Woodford,https://www.espn.com/mlb/player/_/id/35284
Washington Nationals,Andres Chaparro,https://www.espn.com/mlb/player/_/id/42949
Philadelphia Phillies,Cal Stevenson,https://www.espn.com/mlb/player/_/id/41852
Tampa Bay Rays,Junior Caminero,https://www.espn.com/mlb/player/_/id/4905921
Toronto Blue Jays,Will Wagner,https://www.espn.com/mlb/player/_/id/4413898
Colorado Rockies,Jordan Beck,https://www.espn.com/mlb/player/_/id/4619460
Colorado Rockies,Bradley Blalock,https://www.espn.com/mlb/player/_/id/4720860
Philadelphia Phillies,Taijuan Walker,https://www.espn.com/mlb/player/_/id/31864
Detroit Tigers,Matthew Boyd,https://www.espn.com/mlb/player/_/id/34401
Minnesota Twins,Zebby Matthews,https://www.espn.com/mlb/player/_/id/4791597
Detroit Tigers,Kerry Carpenter,https://www.espn.com/mlb/player/_/id/42714
Milwaukee Brewers,Tyler Black,https://www.espn.com/mlb/player/_/id/4414183
Oakland Athletics,Joe Boyle,https://www.espn.com/mlb/player/_/id/4298087
Atlanta Braves,Michael Harris II,https://www.espn.com/mlb/player/_/id/42470
Texas Rangers,Dane Dunning,https://www.espn.com/mlb/player/_/id/36080
Cincinnati Reds,Emilio Pagan,https://www.espn.com/mlb/player/_/id/33403
Los Angeles Dodgers,Walker Buehler,https://www.espn.com/mlb/player/_/id/39251
San Francisco Giants,Robbie Ray,https://www.espn.com/mlb/player/_/id/32175
Milwaukee Brewers,Tobias Myers,https://www.espn.com/mlb/player/_/id/39716
Seattle Mariners,Dominic Canzone,https://www.espn.com/mlb/player/_/id/4345621
New York Yankees,Jose Trevino,https://www.espn.com/mlb/player/_/id/35268
Arizona Diamondbacks,Blaze Alexander,https://www.espn.com/mlb/player/_/id/41345
Boston Red Sox,Triston Casas,https://www.espn.com/mlb/player/_/id/41180
Detroit Tigers,Brant Hurter,https://www.espn.com/mlb/player/_/id/5197093
Tampa Bay Rays,Ryan Pepiot,https://www.espn.com/mlb/player/_/id/4208281
Los Angeles Angels,Jack Lopez,https://www.espn.com/mlb/player/_/id/33518
Houston Astros,Shay Whitcomb,https://www.espn.com/mlb/player/_/id/4683352
San Francisco Giants,Grant McCray,https://www.espn.com/mlb/player/_/id/4919922
Detroit Tigers,Jace Jung,https://www.espn.com/mlb/player/_/id/4721040
Detroit Tigers,Spencer Torkelson,https://www.espn.com/mlb/player/_/id/4424286
Baltimore Orioles,Cade Povich,https://www.espn.com/mlb/player/_/id/5085743
Los Angeles Dodgers,Bobby Miller,https://www.espn.com/mlb/player/_/id/4326703
New York Mets,Starling Marte,https://www.espn.com/mlb/player/_/id/30830
Los Angeles Angels,Niko Kavadas,https://www.espn.com/mlb/player/_/id/4298095
New York Yankees,Oswald Peraza,https://www.espn.com/mlb/player/_/id/42479
Detroit Tigers,Trey Sweeney,https://www.espn.com/mlb/player/_/id/4414687
Pittsburgh Pirates,Billy McKinney,https://www.espn.com/mlb/player/_/id/33196
Los Angeles Dodgers,Max Muncy,https://www.espn.com/mlb/player/_/id/33303
Los Angeles Dodgers,Tommy Edman,https://www.espn.com/mlb/player/_/id/39907
Miami Marlins,Adam Oller,https://www.espn.com/mlb/player/_/id/42170
Cincinnati Reds,Julian Aguiar,https://www.espn.com/mlb/player/_/id/5195257
Colorado Rockies,Nolan Jones,https://www.espn.com/mlb/player/_/id/37340
Los Angeles Angels,Johnny Cueto,https://www.espn.com/mlb/player/_/id/28955
Pittsburgh Pirates,Domingo German,https://www.espn.com/mlb/player/_/id/33660
Houton Astros,Justin Verlander,https://www.espn.com/mlb/player/_/id/6341
Washington Nationals,Joey Gallo,https://www.espn.com/mlb/player/_/id/32818
Tampa Bay Rays,Rob Brantly,https://www.espn.com/mlb/player/_/id/31133
San Diego Padres,Mason McCoy,https://www.espn.com/mlb/player/_/id/39947
Pittsburgh Pirates,Alika Williams,https://www.espn.com/mlb/player/_/id/4424289
Arizona Diamondbacks,Pavin Smith,https://www.espn.com/mlb/player/_/id/40767
Arizona Diamondbacks,Luis Guillorme,https://www.espn.com/mlb/player/_/id/35149
Colorado Rockies,Drew Romo,https://www.espn.com/mlb/player/_/id/4917765
Boston Red Sox,Mickey Gasper,https://www.espn.com/mlb/player/_/id/5132012
Kansas City Royals,Tyler Gentry,https://www.espn.com/mlb/player/_/id/4414108
Washington Nationals,Dylan Crews,https://www.espn.com/mlb/player/_/id/4719511
Miami Marlins,Griffin Conine,https://www.espn.com/mlb/player/_/id/41295
Cleveland Guardians,Logan Allen,https://www.espn.com/mlb/player/_/id/4683350
Detroit Tigers,Ty Madden,https://www.espn.com/mlb/player/_/id/4414347
Pittsburgh Pirates,Henry Davis,https://www.espn.com/mlb/player/_/id/4418683
St. Louis Cardinals,Ivan Herrera,https://www.espn.com/mlb/player/_/id/41889
Chicago White Sox,Bryan Ramos,https://www.espn.com/mlb/player/_/id/42822
Pittsburgh Pirates,Jared Jones,https://www.espn.com/mlb/player/_/id/4918156
Oakland Athletics,Jacob Wilson,https://www.espn.com/mlb/player/_/id/4719300
St. Louis Cardinals,Luken Baker,https://www.espn.com/mlb/player/_/id/41313
Texas Rangers,Jack Leiter,https://www.espn.com/mlb/player/_/id/4622181
Chicago White Sox,Touki Toussaint,https://www.espn.com/mlb/player/_/id/33790
Chicago White Sox,Nick Nastrini,https://www.espn.com/mlb/player/_/id/4422905
Oakland Athletics,J.T. Ginn,https://www.espn.com/mlb/player/_/id/4414002
Cincinnati Reds,Rhett Lowder,https://www.espn.com/mlb/player/_/id/4758873
Detroit Tigers,Casey Mize,https://www.espn.com/mlb/player/_/id/41167
New York Mets,Tylor Megill,https://www.espn.com/mlb/player/_/id/3332018
Tampa Bay Rays,Jonathan Aranda,https://www.espn.com/mlb/player/_/id/40810
San Francisco Giants,Mason Black,https://www.espn.com/mlb/player/_/id/5099971
New York Yankees,Anthony Rizzo,https://www.espn.com/mlb/player/_/id/30782
Cleveland Guardians,Kyle Manzardo,https://www.espn.com/mlb/player/_/id/4917927
Chicago White Sox,Jacob Amaya,https://www.espn.com/mlb/player/_/id/42106
Toronto Blue Jays,Nathan Lukes,https://www.espn.com/mlb/player/_/id/35682
Kansas City Royals,Yuli Gurriel,https://www.espn.com/mlb/player/_/id/36006
Miami Marlins,Jose Devers,https://www.espn.com/mlb/player/_/id/39834
Chicago Cubs,Jordan Wicks,https://www.espn.com/mlb/player/_/id/4420749
Texas Rangers,Walter Pennington,https://www.espn.com/mlb/player/_/id/5012066
Los Angeles Angels,Caden Dana,https://www.espn.com/mlb/player/_/id/5197473
Miami Marlins,Darren McCaughan,https://www.espn.com/mlb/player/_/id/40391
Chicago White Sox,Zach DeLoach,https://www.espn.com/mlb/player/_/id/4298327
San Diego Padres,Fernando Tatis Jr,https://www.espn.com/mlb/player/_/id/35983
Minnesota Twins,Michael Helman,https://www.espn.com/mlb/player/_/id/42065
Milwaukee Brewers,Brewer Hicklen,https://www.espn.com/mlb/player/_/id/41378
St. Louis Cardinals,Steven Matz,https://www.espn.com/mlb/player/_/id/33106
Los Angeles Angels,Reid Detmers,https://www.espn.com/mlb/player/_/id/4326697
Tampa Bay Rays,Logan Driscoll,https://www.espn.com/mlb/player/_/id/4722942
Seattle Mariners,Luis Urias,https://www.espn.com/mlb/player/_/id/35383
Oakland Athletics,Tristan Gray,https://www.espn.com/mlb/player/_/id/39918
San Diego Padres,Yu Darvish,https://www.espn.com/mlb/player/_/id/32055
